{"cameraMode":{"drawMode":0,"name":"Shaded","section":"Shading Mode"},"sceneLighting":true,"audioPlay":false,"sceneViewState":{"showFog":true,"showMaterialUpdate":false,"showSkybox":true,"showFlares":true,"showImageEffects":true,"showParticleSystems":true},"in2DMode":false,"pivot":{"x":-102.9664306640625,"y":194.794189453125,"z":57.47990798950195},"rotation":{"x":-0.011827983893454075,"y":0.4416699707508087,"z":0.005835408810526133,"w":0.8970946073532105},"size":12.439253807067871,"orthographic":false}