{"cameraMode":{"drawMode":0,"name":"Shaded","section":"Shading Mode"},"sceneLighting":true,"audioPlay":false,"sceneViewState":{"showFog":true,"showMaterialUpdate":false,"showSkybox":true,"showFlares":true,"showImageEffects":true,"showParticleSystems":true},"in2DMode":false,"pivot":{"x":249.57919311523438,"y":378.9796447753906,"z":460.0678405761719},"rotation":{"x":0.3854421079158783,"y":-0.1430657058954239,"z":0.060611292719841,"w":0.9095944762229919},"size":209.0446319580078,"orthographic":false}