{"cameraMode":{"drawMode":0,"name":"Shaded","section":"Shading Mode"},"sceneLighting":true,"audioPlay":false,"sceneViewState":{"showFog":true,"showMaterialUpdate":false,"showSkybox":true,"showFlares":true,"showImageEffects":true,"showParticleSystems":true},"in2DMode":false,"pivot":{"x":410.3511962890625,"y":39.20697021484375,"z":206.20144653320313},"rotation":{"x":0.018555661663413049,"y":-0.9513304829597473,"z":0.302429735660553,"w":0.05765350162982941},"size":133.59490966796876,"orthographic":false}