{"cameraMode":{"drawMode":0,"name":"Shaded","section":"Shading Mode"},"sceneLighting":true,"audioPlay":false,"sceneViewState":{"showFog":true,"showMaterialUpdate":false,"showSkybox":true,"showFlares":true,"showImageEffects":true,"showParticleSystems":true},"in2DMode":false,"pivot":{"x":625.146728515625,"y":-53.448753356933597,"z":475.56976318359377},"rotation":{"x":-0.2979298532009125,"y":-0.6068928241729736,"z":0.2625155448913574,"w":-0.6885724067687988},"size":573.006103515625,"orthographic":false}